{
    "Success": {
        "Mean": 0.9985581746157437,
        "Variance": 6.90120566980208e-06,
        "ConfidenceMin": 0.9985580949196676,
        "ConfidenceMax": 0.9985582543118198
    },
    "FailNoPath": {
        "Mean": 0.0014418253842561834,
        "Variance": 6.9012056698020905e-06,
        "ConfidenceMin": 0.0014417456881800766,
        "ConfidenceMax": 0.0014419050803322901
    },
    "FailNoBalance": {
        "Mean": 0.0,
        "Variance": 0.0,
        "ConfidenceMin": 0.0,
        "ConfidenceMax": 0.0
    },
    "FailOfflineNode": {
        "Mean": 0.0,
        "Variance": 0.0,
        "ConfidenceMin": 0.0,
        "ConfidenceMax": 0.0
    },
    "FailTimeoutExpired": {
        "Mean": 0.0,
        "Variance": 0.0,
        "ConfidenceMin": 0.0,
        "ConfidenceMax": 0.0
    },
    "Time": {
        "Mean": 554.309260521092,
        "Variance": 106.18546421601282,
        "ConfidenceMin": 553.0830161164914,
        "ConfidenceMax": 555.5355049256926
    },
    "Attempts": {
        "Mean": 1.000406746031746,
        "Variance": 2.3176689657344697e-06,
        "ConfidenceMin": 1.0004067192669848,
        "ConfidenceMax": 1.0004067727965074
    },
    "RouteLength": {
        "Mean": 2.784749338875429,
        "Variance": 0.002653792196609384,
        "ConfidenceMin": 2.7847186925166634,
        "ConfidenceMax": 2.784779985234195
    }
}