{
  "TotalPayments":1000,
  "SucceededPayments":{
    "Mean":912.9666666666667,
    "Variance":188.03333333333333,
    "ConfidenceIntervalMin":910.7952317614596,
    "ConfidenceIntervalMax":915.13810157187379
  },
  "FailedPaymentsUncoop":{
    "Mean":1.6666666666666667,
    "Variance":70.229885057471265,
    "ConfidenceIntervalMin":0.85564225360615642,
    "ConfidenceIntervalMax":2.4776910797271769
  },
  "FailedPaymentsNoBalance":{
    "Mean":12.766666666666667,
    "Variance":15.012643678160918,
    "ConfidenceIntervalMin":12.593298583868251,
    "ConfidenceIntervalMax":12.940034749465084
  },
  "FailedPaymentsNoPath":{
    "Mean":72.599999999999994,
    "Variance":148.24827586206899,
    "ConfidenceIntervalMin":70.888008433733347,
    "ConfidenceIntervalMax":74.311991566266641
  },
  "AvgTimeCoop":{
    "Mean":77.518536942093817,
    "Variance":28.041669985078251,
    "ConfidenceIntervalMin":77.194707863884815,
    "ConfidenceIntervalMax":77.842366020302819
  },
  "MinTimeCoop":{
    "Mean":4.2000000000000002,
    "Variance":4.0933333333333346,
    "ConfidenceIntervalMin":4.1527296212800149,
    "ConfidenceIntervalMax":4.2472703787199855
  },
  "MaxTimeCoop":{
    "Mean":784.93333333333328,
    "Variance":86929.528888888875,
    "ConfidenceIntervalMin":-218.94087331023229,
    "ConfidenceIntervalMax":1788.8075399768989
  },
  "AvgTimeUncoop":{
    "Mean":15478249.210221551,
    "Variance":1664017493277368.8,
    "ConfidenceIntervalMin":-19216288374495.445,
    "ConfidenceIntervalMax":19216319330993.867
  },
  "MinTimeUncoop":{
    "Mean":60164.25,
    "Variance":15293.4375,
    "ConfidenceIntervalMin":59987.639271362685,
    "ConfidenceIntervalMax":60340.860728637315
  },
  "MaxTimeUncoop":{
    "Mean":54877697.5,
    "Variance":21034703593915516.0,
    "ConfidenceIntervalMin":-242911607617502.31,
    "ConfidenceIntervalMax":242911717372897.31
  },
  "AvgRouteLen":{
    "Mean":6.4326146602630612,
    "Variance":0.038214909272333744,
    "ConfidenceIntervalMin":6.4321733492123965,
    "ConfidenceIntervalMax":6.4330559713137259
  },
  "MinRouteLen":{
    "Mean":1.0,
    "Variance":4.9406564584124654e-324,
    "ConfidenceIntervalMin":1.0,
    "ConfidenceIntervalMax":1.0
  },
  "MaxRouteLen":{
    "Mean":19.5,
    "Variance":0.45000000000000001,
    "ConfidenceIntervalMin":19.494803337844303,
    "ConfidenceIntervalMax":19.505196662155697
  },
  "LockedFundCost":{
    "Mean":40390968912.300003,
    "Variance":4.0578577984118126e+21,
    "ConfidenceIntervalMin":-4.6860702302305608e+19,
    "ConfidenceIntervalMax":4.6860702383087542e+19
  }
}