{
  "TotalPayments":1000,
  "SucceededPayments":{
    "Mean":920.36666666666667,
    "Variance":187.75747126436784,
    "ConfidenceIntervalMin":918.19841745473502,
    "ConfidenceIntervalMax":922.53491587859833
  },
  "FailedPaymentsUncoop":{
    "Mean":1.3999999999999999,
    "Variance":50.524137931034495,
    "ConfidenceIntervalMin":0.81654027658776107,
    "ConfidenceIntervalMax":1.9834597234122389
  },
  "FailedPaymentsNoBalance":{
    "Mean":11.300000000000001,
    "Variance":13.389655172413793,
    "ConfidenceIntervalMin":11.145374412639249,
    "ConfidenceIntervalMax":11.454625587360752
  },
  "FailedPaymentsNoPath":{
    "Mean":66.933333333333337,
    "Variance":106.13333333333335,
    "ConfidenceIntervalMin":65.707690940463365,
    "ConfidenceIntervalMax":68.158975726203309
  },
  "AvgTimeCoop":{
    "Mean":76.942928897362535,
    "Variance":20.100032220807957,
    "ConfidenceIntervalMin":76.710810948984317,
    "ConfidenceIntervalMax":77.175046845740752
  },
  "MinTimeCoop":{
    "Mean":4.4000000000000004,
    "Variance":3.8400000000000012,
    "ConfidenceIntervalMin":4.3556551496047051,
    "ConfidenceIntervalMax":4.4443448503952956
  },
  "MaxTimeCoop":{
    "Mean":894.0,
    "Variance":118257.33333333333,
    "ConfidenceIntervalMin":-471.65201948261802,
    "ConfidenceIntervalMax":2259.652019482618
  },
  "AvgTimeUncoop":{
    "Mean":8793724.1563636363,
    "Variance":762757507308467.62,
    "ConfidenceIntervalMin":-8808420255620.2383,
    "ConfidenceIntervalMax":8808437843068.5508
  },
  "MinTimeUncoop":{
    "Mean":60105.63636363636,
    "Variance":1744.5950413223143,
    "ConfidenceIntervalMin":60085.489539129121,
    "ConfidenceIntervalMax":60125.7831881436
  },
  "MaxTimeUncoop":{
    "Mean":26454691.818181816,
    "Variance":6966722706627824.0,
    "ConfidenceIntervalMin":-80452649631484.938,
    "ConfidenceIntervalMax":80452702540868.562
  },
  "AvgRouteLen":{
    "Mean":6.2610014915466312,
    "Variance":0.0043997665720841425,
    "ConfidenceIntervalMin":6.2609506824345447,
    "ConfidenceIntervalMax":6.2610523006587178
  },
  "MinRouteLen":{
    "Mean":1.0,
    "Variance":4.9406564584124654e-324,
    "ConfidenceIntervalMin":1.0,
    "ConfidenceIntervalMax":1.0
  },
  "MaxRouteLen":{
    "Mean":19.199999999999999,
    "Variance":0.82666666666666611,
    "ConfidenceIntervalMin":19.190453539151012,
    "ConfidenceIntervalMax":19.209546460848987
  },
  "LockedFundCost":{
    "Mean":689377875.20000005,
    "Variance":1.4126673072133624e+19,
    "ConfidenceIntervalMin":-1.6313677117703213e+17,
    "ConfidenceIntervalMax":1.631367725557879e+17
  }
}