{
  "TotalPayments":100,
  "SucceededPayments":{
    "Mean":93.299999999999997,
    "Variance":17.872413793103451,
    "ConfidenceIntervalMin":93.093606896911979,
    "ConfidenceIntervalMax":93.506393103088016
  },
  "FailedPaymentsUncoop":{
    "Mean":0.6333333333333333,
    "Variance":12.033333333333333,
    "ConfidenceIntervalMin":0.49437073791057584,
    "ConfidenceIntervalMax":0.77229592875609077
  },
  "FailedPaymentsNoBalance":{
    "Mean":0.93333333333333335,
    "Variance":1.2367816091954025,
    "ConfidenceIntervalMin":0.91905080848140031,
    "ConfidenceIntervalMax":0.94761585818526639
  },
  "FailedPaymentsNoPath":{
    "Mean":5.1333333333333337,
    "Variance":4.4643678160919551,
    "ConfidenceIntervalMin":5.0817781971577691,
    "ConfidenceIntervalMax":5.1848884695088984
  },
  "AvgTimeCoop":{
    "Mean":69.611173416376985,
    "Variance":31.258494416550558,
    "ConfidenceIntervalMin":69.250196005313413,
    "ConfidenceIntervalMax":69.972150827440558
  },
  "MinTimeCoop":{
    "Mean":12.866666666666667,
    "Variance":29.78222222222222,
    "ConfidenceIntervalMin":12.522737450811487,
    "ConfidenceIntervalMax":13.210595882521847
  },
  "MaxTimeCoop":{
    "Mean":352.39999999999998,
    "Variance":29652.373333333337,
    "ConfidenceIntervalMin":9.9702970489282734,
    "ConfidenceIntervalMax":694.82970295107168
  },
  "AvgTimeUncoop":{
    "Mean":111600095.0,
    "Variance":0.0,
    "ConfidenceIntervalMin":111600095.0,
    "ConfidenceIntervalMax":111600095.0
  },
  "MinTimeUncoop":{
    "Mean":111600095.0,
    "Variance":6.9525226346142302e-310,
    "ConfidenceIntervalMin":111600095.0,
    "ConfidenceIntervalMax":111600095.0
  },
  "MaxTimeUncoop":{
    "Mean":111600095.0,
    "Variance":1.4821969375237396e-322,
    "ConfidenceIntervalMin":111600095.0,
    "ConfidenceIntervalMax":111600095.0
  },
  "AvgRouteLen":{
    "Mean":6.299938694636027,
    "Variance":0.053340441641838009,
    "ConfidenceIntervalMin":6.2993227118483635,
    "ConfidenceIntervalMax":6.3005546774236905
  },
  "MinRouteLen":{
    "Mean":1.7666666666666666,
    "Variance":0.44555555555555537,
    "ConfidenceIntervalMin":1.7615213295692957,
    "ConfidenceIntervalMax":1.7718120037640375
  },
  "MaxRouteLen":{
    "Mean":15.133333333333333,
    "Variance":6.5155555555555553,
    "ConfidenceIntervalMin":15.058090797824649,
    "ConfidenceIntervalMax":15.208575868842017
  },
  "LockedFundCost":{
    "Mean":36003.400000000001,
    "Variance":38887344346.800034,
    "ConfidenceIntervalMin":-449040420.38364226,
    "ConfidenceIntervalMax":449112427.18364221
  }
}