{
  "TotalPayments":1000,
  "SucceededPayments":{
    "Mean":997.9666666666667,
    "Variance":2.1712643678160912,
    "ConfidenceIntervalMin":997.94159260584388,
    "ConfidenceIntervalMax":997.99174072748951
  },
  "FailedPaymentsUncoop":{
    "Mean":0.066666666666666666,
    "Variance":0.064367816091954036,
    "ConfidenceIntervalMin":0.065923338235711046,
    "ConfidenceIntervalMax":0.067409995097622286
  },
  "FailedPaymentsNoBalance":{
    "Mean":0.0,
    "Variance":0.0,
    "ConfidenceIntervalMin":0.0,
    "ConfidenceIntervalMax":0.0
  },
  "FailedPaymentsNoPath":{
    "Mean":1.9666666666666666,
    "Variance":1.964367816091954,
    "ConfidenceIntervalMin":1.9439818758005387,
    "ConfidenceIntervalMax":1.9893514575327944
  },
  "AvgTimeCoop":{
    "Mean":58.578997801715566,
    "Variance":0.36730223189641603,
    "ConfidenceIntervalMin":58.574756144808454,
    "ConfidenceIntervalMax":58.583239458622678
  },
  "MinTimeCoop":{
    "Mean":4.1379310344827589,
    "Variance":3.8430439952437552,
    "ConfidenceIntervalMin":4.0935510316099402,
    "ConfidenceIntervalMax":4.1823110373555776
  },
  "MaxTimeCoop":{
    "Mean":140.55172413793105,
    "Variance":228.38525564803797,
    "ConfidenceIntervalMin":137.91429966027388,
    "ConfidenceIntervalMax":143.18914861558821
  },
  "AvgTimeUncoop":{
    "Mean":12308808.059139786,
    "Variance":750154172098464.38,
    "ConfidenceIntervalMin":-8662871684710.9834,
    "ConfidenceIntervalMax":8662896302327.1025
  },
  "MinTimeUncoop":{
    "Mean":60095.333333333336,
    "Variance":788.88888888888903,
    "ConfidenceIntervalMin":60086.223135480133,
    "ConfidenceIntervalMax":60104.443531186538
  },
  "MaxTimeUncoop":{
    "Mean":35550102.333333336,
    "Variance":6297698346940679.0,
    "ConfidenceIntervalMin":-72726654822237.234,
    "ConfidenceIntervalMax":72726725922441.891
  },
  "AvgRouteLen":{
    "Mean":5.9022660255432129,
    "Variance":0.0016734170306942056,
    "ConfidenceIntervalMin":5.9022467006922037,
    "ConfidenceIntervalMax":5.9022853503942221
  },
  "MinRouteLen":{
    "Mean":1.0,
    "Variance":4.9406564584124654e-324,
    "ConfidenceIntervalMin":1.0,
    "ConfidenceIntervalMax":1.0
  },
  "MaxRouteLen":{
    "Mean":11.633333333333333,
    "Variance":0.49888888888888872,
    "ConfidenceIntervalMin":11.627572095536028,
    "ConfidenceIntervalMax":11.639094571130638
  },
  "LockedFundCost":{
    "Mean":83162476.066666663,
    "Variance":1.7233959074964845e+17,
    "ConfidenceIntervalMin":-1990201315009296.2,
    "ConfidenceIntervalMax":1990201481334248.2
  }
}