{
  "TotalPayments":100,
  "SucceededPayments":{
    "Mean":93.299999999999997,
    "Variance":17.872413793103451,
    "ConfidenceIntervalMin":93.093606896911979,
    "ConfidenceIntervalMax":93.506393103088016
  },
  "FailedPaymentsUncoop":{
    "Mean":0.6333333333333333,
    "Variance":12.033333333333333,
    "ConfidenceIntervalMin":0.49437073791057584,
    "ConfidenceIntervalMax":0.77229592875609077
  },
  "FailedPaymentsNoBalance":{
    "Mean":1.0,
    "Variance":1.3103448275862069,
    "ConfidenceIntervalMin":0.9848679569412605,
    "ConfidenceIntervalMax":1.0151320430587394
  },
  "FailedPaymentsNoPath":{
    "Mean":5.0666666666666664,
    "Variance":4.4781609195402279,
    "ConfidenceIntervalMin":5.0149522458273257,
    "ConfidenceIntervalMax":5.1183810875060072
  },
  "AvgTimeCoop":{
    "Mean":70.036093367584016,
    "Variance":33.001985756407379,
    "ConfidenceIntervalMin":69.654981877710171,
    "ConfidenceIntervalMax":70.417204857457861
  },
  "MinTimeCoop":{
    "Mean":12.866666666666667,
    "Variance":29.78222222222222,
    "ConfidenceIntervalMin":12.522737450811487,
    "ConfidenceIntervalMax":13.210595882521847
  },
  "MaxTimeCoop":{
    "Mean":353.13333333333333,
    "Variance":29664.448888888892,
    "ConfidenceIntervalMin":10.564180198784754,
    "ConfidenceIntervalMax":695.70248646788195
  },
  "AvgTimeUncoop":{
    "Mean":111600095.0,
    "Variance":0.0,
    "ConfidenceIntervalMin":111600095.0,
    "ConfidenceIntervalMax":111600095.0
  },
  "MinTimeUncoop":{
    "Mean":111600095.0,
    "Variance":6.9527529197809137e-310,
    "ConfidenceIntervalMin":111600095.0,
    "ConfidenceIntervalMax":111600095.0
  },
  "MaxTimeUncoop":{
    "Mean":111600095.0,
    "Variance":1.4821969375237396e-322,
    "ConfidenceIntervalMin":111600095.0,
    "ConfidenceIntervalMax":111600095.0
  },
  "AvgRouteLen":{
    "Mean":6.3022920290629072,
    "Variance":0.053828072075541238,
    "ConfidenceIntervalMin":6.3016704150516425,
    "ConfidenceIntervalMax":6.3029136430741719
  },
  "MinRouteLen":{
    "Mean":1.7666666666666666,
    "Variance":0.44555555555555537,
    "ConfidenceIntervalMin":1.7615213295692957,
    "ConfidenceIntervalMax":1.7718120037640375
  },
  "MaxRouteLen":{
    "Mean":15.133333333333333,
    "Variance":6.5155555555555553,
    "ConfidenceIntervalMin":15.058090797824649,
    "ConfidenceIntervalMax":15.208575868842017
  },
  "LockedFundCost":{
    "Mean":36003.400000000001,
    "Variance":38887344346.800034,
    "ConfidenceIntervalMin":-449040420.38364226,
    "ConfidenceIntervalMax":449112427.18364221
  }
}