{
  "TotalPayments":10,
  "SucceededPayments":{
    "Mean":9.8666666666666671,
    "Variance":0.11954022988505743,
    "ConfidenceIntervalMin":9.8652861995806074,
    "ConfidenceIntervalMax":9.8680471337527269
  },
  "FailedPaymentsUncoop":{
    "Mean":0.0,
    "Variance":0.0,
    "ConfidenceIntervalMin":0.0,
    "ConfidenceIntervalMax":0.0
  },
  "FailedPaymentsNoBalance":{
    "Mean":0.0,
    "Variance":0.0,
    "ConfidenceIntervalMin":0.0,
    "ConfidenceIntervalMax":0.0
  },
  "FailedPaymentsNoPath":{
    "Mean":0.13333333333333333,
    "Variance":0.1195402298850575,
    "ConfidenceIntervalMin":0.1319528662472729,
    "ConfidenceIntervalMax":0.13471380041939376
  },
  "AvgTimeCoop":{
    "Mean":124.96740740740741,
    "Variance":72.419711385459493,
    "ConfidenceIntervalMin":124.13109457744422,
    "ConfidenceIntervalMax":125.8037202373706
  },
  "MinTimeCoop":{
    "Mean":78.933333333333337,
    "Variance":156.19555555555556,
    "ConfidenceIntervalMin":77.129565483458038,
    "ConfidenceIntervalMax":80.737101183208637
  },
  "MaxTimeCoop":{
    "Mean":173.66666666666666,
    "Variance":253.62222222222226,
    "ConfidenceIntervalMin":170.73780221318572,
    "ConfidenceIntervalMax":176.5955311201476
  },
  "AvgTimeUncoop":{
    "Mean":NaN,
    "Variance":NaN,
    "ConfidenceIntervalMin":NaN,
    "ConfidenceIntervalMax":NaN
  },
  "MinTimeUncoop":{
    "Mean":Infinity,
    "Variance":Infinity,
    "ConfidenceIntervalMin":NaN,
    "ConfidenceIntervalMax":Infinity
  },
  "MaxTimeUncoop":{
    "Mean":Infinity,
    "Variance":Infinity,
    "ConfidenceIntervalMin":NaN,
    "ConfidenceIntervalMax":Infinity
  },
  "AvgRouteLen":{
    "Mean":12.427407487233479,
    "Variance":0.38944631802809965,
    "ConfidenceIntervalMin":12.422910107361094,
    "ConfidenceIntervalMax":12.431904867105864
  },
  "MinRouteLen":{
    "Mean":8.6333333333333329,
    "Variance":2.0322222222222233,
    "ConfidenceIntervalMin":8.6098649504129057,
    "ConfidenceIntervalMax":8.65680171625376
  },
  "MaxRouteLen":{
    "Mean":16.133333333333333,
    "Variance":1.7822222222222228,
    "ConfidenceIntervalMin":16.112751984943849,
    "ConfidenceIntervalMax":16.153914681722817
  },
  "LockedFundCost":{
    "Mean":0.0,
    "Variance":0.0,
    "ConfidenceIntervalMin":0.0,
    "ConfidenceIntervalMax":0.0
  }
}