{
  "TotalPayments":1000,
  "SucceededPayments":{
    "Mean":997.26666666666665,
    "Variance":2.2712643678160909,
    "ConfidenceIntervalMin":997.24043779203146,
    "ConfidenceIntervalMax":997.29289554130185
  },
  "FailedPaymentsUncoop":{
    "Mean":0.76666666666666672,
    "Variance":0.59885057471264369,
    "ConfidenceIntervalMin":0.7597510575143831,
    "ConfidenceIntervalMax":0.77358227581895034
  },
  "FailedPaymentsNoBalance":{
    "Mean":0.26666666666666666,
    "Variance":0.27126436781609187,
    "ConfidenceIntervalMin":0.26353406827906795,
    "ConfidenceIntervalMax":0.26979926505426538
  },
  "FailedPaymentsNoPath":{
    "Mean":1.7,
    "Variance":1.1827586206896548,
    "ConfidenceIntervalMin":1.6863413400811904,
    "ConfidenceIntervalMax":1.7136586599188095
  },
  "AvgTimeCoop":{
    "Mean":740.86881936172892,
    "Variance":4806.8705684196375,
    "ConfidenceIntervalMin":685.35841409451075,
    "ConfidenceIntervalMax":796.3792246289471
  },
  "MinTimeCoop":{
    "Mean":47.133333333333333,
    "Variance":708.98222222222228,
    "ConfidenceIntervalMin":38.945908703810268,
    "ConfidenceIntervalMax":55.320757962856398
  },
  "MaxTimeCoop":{
    "Mean":10689.799999999999,
    "Variance":38899847.293333337,
    "ConfidenceIntervalMin":-438531.00953716296,
    "ConfidenceIntervalMax":459910.60953716293
  },
  "AvgTimeUncoop":{
    "Mean":61412.733333333337,
    "Variance":826540.68222222349,
    "ConfidenceIntervalMin":51867.727370111999,
    "ConfidenceIntervalMax":70957.739296554675
  },
  "MinTimeUncoop":{
    "Mean":61018.166666666664,
    "Variance":106928.30555555555,
    "ConfidenceIntervalMin":59783.343824769909,
    "ConfidenceIntervalMax":62252.98950856342
  },
  "MaxTimeUncoop":{
    "Mean":62039.333333333336,
    "Variance":6827979.555555556,
    "ConfidenceIntervalMin":-16811.117680533098,
    "ConfidenceIntervalMax":140889.78434719978
  },
  "AvgRouteLen":{
    "Mean":5.9057533264160158,
    "Variance":0.0029790021353255725,
    "ConfidenceIntervalMin":5.9057189244878856,
    "ConfidenceIntervalMax":5.905787728344146
  },
  "MinRouteLen":{
    "Mean":1.0,
    "Variance":4.9406564584124654e-324,
    "ConfidenceIntervalMin":1.0,
    "ConfidenceIntervalMax":1.0
  },
  "MaxRouteLen":{
    "Mean":11.633333333333333,
    "Variance":0.6322222222222218,
    "ConfidenceIntervalMin":11.626032343786191,
    "ConfidenceIntervalMax":11.640634322880475
  },
  "LockedFundCost":{
    "Mean":1055346545.3333334,
    "Variance":3.3054335311107494e+19,
    "ConfidenceIntervalMin":-3.8171602870689146e+17,
    "ConfidenceIntervalMax":3.8171603081758458e+17
  }
}