{
  "TotalPayments":100,
  "SucceededPayments":{
    "Mean":99.533333333333331,
    "Variance":0.32643678160919554,
    "ConfidenceIntervalMin":99.529563596290629,
    "ConfidenceIntervalMax":99.537103070376034
  },
  "FailedPaymentsUncoop":{
    "Mean":0.16666666666666666,
    "Variance":0.14367816091954017,
    "ConfidenceIntervalMin":0.16500745141899786,
    "ConfidenceIntervalMax":0.16832588191433545
  },
  "FailedPaymentsNoBalance":{
    "Mean":0.13333333333333333,
    "Variance":0.11954022988505744,
    "ConfidenceIntervalMin":0.1319528662472729,
    "ConfidenceIntervalMax":0.13471380041939376
  },
  "FailedPaymentsNoPath":{
    "Mean":0.16666666666666666,
    "Variance":0.14367816091954017,
    "ConfidenceIntervalMin":0.16500745141899786,
    "ConfidenceIntervalMax":0.16832588191433545
  },
  "AvgTimeCoop":{
    "Mean":1314.4578947811449,
    "Variance":1361790.7108883192,
    "ConfidenceIntervalMin":-14411.68933023072,
    "ConfidenceIntervalMax":17040.60511979301
  },
  "MinTimeCoop":{
    "Mean":599.66666666666663,
    "Variance":330073.88888888893,
    "ConfidenceIntervalMin":-3212.0721932737388,
    "ConfidenceIntervalMax":4411.4055266070718
  },
  "MaxTimeCoop":{
    "Mean":2962.0,
    "Variance":28728910.399999999,
    "ConfidenceIntervalMin":-328803.42544475204,
    "ConfidenceIntervalMax":334727.42544475204
  },
  "AvgTimeUncoop":{
    "Mean":62368.0,
    "Variance":0.0,
    "ConfidenceIntervalMin":62368.0,
    "ConfidenceIntervalMax":62368.0
  },
  "MinTimeUncoop":{
    "Mean":61668.0,
    "Variance":6.9527226936739409e-310,
    "ConfidenceIntervalMin":61668.0,
    "ConfidenceIntervalMax":61668.0
  },
  "MaxTimeUncoop":{
    "Mean":63068.0,
    "Variance":1.4821969375237396e-322,
    "ConfidenceIntervalMin":63068.0,
    "ConfidenceIntervalMax":63068.0
  },
  "AvgRouteLen":{
    "Mean":8.3166161378224697,
    "Variance":1.0833185442986797,
    "ConfidenceIntervalMin":8.3041058256408622,
    "ConfidenceIntervalMax":8.3291264500040771
  },
  "MinRouteLen":{
    "Mean":3.8333333333333335,
    "Variance":2.272222222222223,
    "ConfidenceIntervalMin":3.8070933972632006,
    "ConfidenceIntervalMax":3.8595732694034663
  },
  "MaxRouteLen":{
    "Mean":13.0,
    "Variance":2.1333333333333333,
    "ConfidenceIntervalMin":12.975363972002613,
    "ConfidenceIntervalMax":13.024636027997387
  },
  "LockedFundCost":{
    "Mean":2231961.9333333331,
    "Variance":59949321573765.547,
    "ConfidenceIntervalMin":-692300813998.50708,
    "ConfidenceIntervalMax":692305277922.37378
  }
}