{
  "TotalPayments":1000,
  "SucceededPayments":{
    "Mean":912.9666666666667,
    "Variance":188.03333333333333,
    "ConfidenceIntervalMin":910.7952317614596,
    "ConfidenceIntervalMax":915.13810157187379
  },
  "FailedPaymentsUncoop":{
    "Mean":1.6666666666666667,
    "Variance":70.229885057471265,
    "ConfidenceIntervalMin":0.85564225360615642,
    "ConfidenceIntervalMax":2.4776910797271769
  },
  "FailedPaymentsNoBalance":{
    "Mean":12.766666666666667,
    "Variance":15.012643678160918,
    "ConfidenceIntervalMin":12.593298583868251,
    "ConfidenceIntervalMax":12.940034749465084
  },
  "FailedPaymentsNoPath":{
    "Mean":72.599999999999994,
    "Variance":148.24827586206899,
    "ConfidenceIntervalMin":70.888008433733347,
    "ConfidenceIntervalMax":74.311991566266641
  },
  "AvgTimeCoop":{
    "Mean":77.518536942093817,
    "Variance":29.008624122494741,
    "ConfidenceIntervalMin":77.183541343946587,
    "ConfidenceIntervalMax":77.853532540241048
  },
  "MinTimeCoop":{
    "Mean":4.2000000000000002,
    "Variance":4.2344827586206915,
    "ConfidenceIntervalMin":4.1510996082207052,
    "ConfidenceIntervalMax":4.2489003917792951
  },
  "MaxTimeCoop":{
    "Mean":784.93333333333328,
    "Variance":89927.098850574694,
    "ConfidenceIntervalMin":-253.55722526345869,
    "ConfidenceIntervalMax":1823.4238919301251
  },
  "AvgTimeUncoop":{
    "Mean":4127532.3893924137,
    "Variance":507505304357388.25,
    "ConfidenceIntervalMin":-5860737225735.1289,
    "ConfidenceIntervalMax":5860745480799.9082
  },
  "MinTimeUncoop":{
    "Mean":1.3527612320720355e+19,
    "Variance":6.8838731698948045e+37,
    "ConfidenceIntervalMin":-7.9495918192493076e+35,
    "ConfidenceIntervalMax":7.9495918192493076e+35
  },
  "MaxTimeUncoop":{
    "Mean":1.3527612320734974e+19,
    "Variance":6.883873169853888e+37,
    "ConfidenceIntervalMin":-7.9495918192020574e+35,
    "ConfidenceIntervalMax":7.9495918192020574e+35
  },
  "AvgRouteLen":{
    "Mean":6.4326146602630612,
    "Variance":0.039532664764483187,
    "ConfidenceIntervalMin":6.4321581315899596,
    "ConfidenceIntervalMax":6.4330711889361627
  },
  "MinRouteLen":{
    "Mean":1.0,
    "Variance":9.8854729495629142e-318,
    "ConfidenceIntervalMin":1.0,
    "ConfidenceIntervalMax":1.0
  },
  "MaxRouteLen":{
    "Mean":19.5,
    "Variance":0.46551724137931033,
    "ConfidenceIntervalMin":19.494624142597551,
    "ConfidenceIntervalMax":19.505375857402449
  },
  "LockedFundCost":{
    "Mean":40390968912.300003,
    "Variance":4.0578577984118126e+21,
    "ConfidenceIntervalMin":-4.6860702302305608e+19,
    "ConfidenceIntervalMax":4.6860702383087542e+19
  }
}