{
  "TotalPayments":100,
  "SucceededPayments":{
    "Mean":99.233333333333334,
    "Variance":11.97816091954023,
    "ConfidenceIntervalMin":99.095007876565688,
    "ConfidenceIntervalMax":99.37165879010098
  },
  "FailedPaymentsUncoop":{
    "Mean":0.6333333333333333,
    "Variance":12.033333333333333,
    "ConfidenceIntervalMin":0.49437073791057584,
    "ConfidenceIntervalMax":0.77229592875609077
  },
  "FailedPaymentsNoBalance":{
    "Mean":0.0,
    "Variance":0.0,
    "ConfidenceIntervalMin":0.0,
    "ConfidenceIntervalMax":0.0
  },
  "FailedPaymentsNoPath":{
    "Mean":0.13333333333333333,
    "Variance":0.11954022988505744,
    "ConfidenceIntervalMin":0.1319528662472729,
    "ConfidenceIntervalMax":0.13471380041939376
  },
  "AvgTimeCoop":{
    "Mean":58.673293277603612,
    "Variance":5.5047831550227651,
    "ConfidenceIntervalMin":58.609723281387978,
    "ConfidenceIntervalMax":58.736863273819246
  },
  "MinTimeCoop":{
    "Mean":12.0,
    "Variance":24.275862068965516,
    "ConfidenceIntervalMin":11.71965899175388,
    "ConfidenceIntervalMax":12.28034100824612
  },
  "MaxTimeCoop":{
    "Mean":114.55172413793103,
    "Variance":84.661117717003577,
    "ConfidenceIntervalMin":113.57404585682191,
    "ConfidenceIntervalMax":115.52940241904015
  },
  "AvgTimeUncoop":{
    "Mean":39600143.0,
    "Variance":0.0,
    "ConfidenceIntervalMin":39600143.0,
    "ConfidenceIntervalMax":39600143.0
  },
  "MinTimeUncoop":{
    "Mean":39600143.0,
    "Variance":6.952980530286465e-310,
    "ConfidenceIntervalMin":39600143.0,
    "ConfidenceIntervalMax":39600143.0
  },
  "MaxTimeUncoop":{
    "Mean":39600143.0,
    "Variance":1.4821969375237396e-322,
    "ConfidenceIntervalMin":39600143.0,
    "ConfidenceIntervalMax":39600143.0
  },
  "AvgRouteLen":{
    "Mean":5.9131885210673012,
    "Variance":0.02658796348269991,
    "ConfidenceIntervalMin":5.9128814795925733,
    "ConfidenceIntervalMax":5.9134955625420291
  },
  "MinRouteLen":{
    "Mean":1.8,
    "Variance":0.35999999999999999,
    "ConfidenceIntervalMin":1.7958426702754411,
    "ConfidenceIntervalMax":1.804157329724559
  },
  "MaxRouteLen":{
    "Mean":10.433333333333334,
    "Variance":0.84555555555555584,
    "ConfidenceIntervalMin":10.423568740986452,
    "ConfidenceIntervalMax":10.443097925680215
  },
  "LockedFundCost":{
    "Mean":3936042.0,
    "Variance":464772798772920.0,
    "ConfidenceIntervalMin":-5367256540361.0986,
    "ConfidenceIntervalMax":5367264412445.0986
  }
}