{
  "TotalPayments":100,
  "SucceededPayments":{
    "Mean":93.333333333333329,
    "Variance":17.954022988505749,
    "ConfidenceIntervalMin":93.125997795984631,
    "ConfidenceIntervalMax":93.540668870682026
  },
  "FailedPaymentsUncoop":{
    "Mean":0.6333333333333333,
    "Variance":12.033333333333333,
    "ConfidenceIntervalMin":0.49437073791057584,
    "ConfidenceIntervalMax":0.77229592875609077
  },
  "FailedPaymentsNoBalance":{
    "Mean":1.1000000000000001,
    "Variance":1.3344827586206895,
    "ConfidenceIntervalMin":1.0845892087796523,
    "ConfidenceIntervalMax":1.1154107912203479
  },
  "FailedPaymentsNoPath":{
    "Mean":4.9333333333333336,
    "Variance":4.8919540229885037,
    "ConfidenceIntervalMin":4.8768403725807064,
    "ConfidenceIntervalMax":4.9898262940859608
  },
  "AvgTimeCoop":{
    "Mean":70.238420458248996,
    "Variance":30.555251023713232,
    "ConfidenceIntervalMin":69.885564199020536,
    "ConfidenceIntervalMax":70.591276717477456
  },
  "MinTimeCoop":{
    "Mean":12.866666666666667,
    "Variance":29.78222222222222,
    "ConfidenceIntervalMin":12.522737450811487,
    "ConfidenceIntervalMax":13.210595882521847
  },
  "MaxTimeCoop":{
    "Mean":379.26666666666665,
    "Variance":33175.595555555563,
    "ConfidenceIntervalMin":-3.8496931473802647,
    "ConfidenceIntervalMax":762.38302648071362
  },
  "AvgTimeUncoop":{
    "Mean":60124.0,
    "Variance":0.0,
    "ConfidenceIntervalMin":60124.0,
    "ConfidenceIntervalMax":60124.0
  },
  "MinTimeUncoop":{
    "Mean":60124.0,
    "Variance":6.953116758096331e-310,
    "ConfidenceIntervalMin":60124.0,
    "ConfidenceIntervalMax":60124.0
  },
  "MaxTimeUncoop":{
    "Mean":60124.0,
    "Variance":1.4821969375237396e-322,
    "ConfidenceIntervalMin":60124.0,
    "ConfidenceIntervalMax":60124.0
  },
  "AvgRouteLen":{
    "Mean":6.3208003044128418,
    "Variance":0.051223885389087322,
    "ConfidenceIntervalMin":6.3202087639091324,
    "ConfidenceIntervalMax":6.3213918449165512
  },
  "MinRouteLen":{
    "Mean":1.7666666666666666,
    "Variance":0.44555555555555537,
    "ConfidenceIntervalMin":1.7615213295692957,
    "ConfidenceIntervalMax":1.7718120037640375
  },
  "MaxRouteLen":{
    "Mean":16.433333333333334,
    "Variance":11.312222222222227,
    "ConfidenceIntervalMin":16.302698228624276,
    "ConfidenceIntervalMax":16.563968438042391
  },
  "LockedFundCost":{
    "Mean":0.0,
    "Variance":0.0,
    "ConfidenceIntervalMin":0.0,
    "ConfidenceIntervalMax":0.0
  }
}