{
  "TotalPayments":1000,
  "SucceededPayments":{
    "Mean":990.9666666666667,
    "Variance":28.378160919540225,
    "ConfidenceIntervalMin":990.63895174466916,
    "ConfidenceIntervalMax":991.29438158866424
  },
  "FailedPaymentsUncoop":{
    "Mean":1.3,
    "Variance":2.2172413793103449,
    "ConfidenceIntervalMin":1.2743949902979752,
    "ConfidenceIntervalMax":1.3256050097020249
  },
  "FailedPaymentsNoBalance":{
    "Mean":2.0666666666666669,
    "Variance":20.47816091954023,
    "ConfidenceIntervalMin":1.8301820358469278,
    "ConfidenceIntervalMax":2.3031512974864059
  },
  "FailedPaymentsNoPath":{
    "Mean":5.666666666666667,
    "Variance":7.3333333333333339,
    "ConfidenceIntervalMin":5.5819803204256511,
    "ConfidenceIntervalMax":5.7513530129076829
  },
  "AvgTimeCoop":{
    "Mean":865.21512769781737,
    "Variance":504929.48042850755,
    "ConfidenceIntervalMin":-4965.780255056462,
    "ConfidenceIntervalMax":6696.210510452097
  },
  "MinTimeCoop":{
    "Mean":61.241379310344826,
    "Variance":3821.6313912009514,
    "ConfidenceIntervalMin":17.108652146602367,
    "ConfidenceIntervalMax":105.37410647408728
  },
  "MaxTimeCoop":{
    "Mean":8413.4482758620688,
    "Variance":86870715.833531499,
    "ConfidenceIntervalMin":-994781.57708095538,
    "ConfidenceIntervalMax":1011608.4736326794
  },
  "AvgTimeUncoop":{
    "Mean":61604.909090909088,
    "Variance":0.0,
    "ConfidenceIntervalMin":61604.909090909088,
    "ConfidenceIntervalMax":61604.909090909088
  },
  "MinTimeUncoop":{
    "Mean":60762.0,
    "Variance":6.9529806418298872e-310,
    "ConfidenceIntervalMin":60762.0,
    "ConfidenceIntervalMax":60762.0
  },
  "MaxTimeUncoop":{
    "Mean":66816.0,
    "Variance":1.4821969375237396e-322,
    "ConfidenceIntervalMin":66816.0,
    "ConfidenceIntervalMax":66816.0
  },
  "AvgRouteLen":{
    "Mean":5.9718073209126787,
    "Variance":0.10740668453072935,
    "ConfidenceIntervalMin":5.970566973684301,
    "ConfidenceIntervalMax":5.9730476681410565
  },
  "MinRouteLen":{
    "Mean":1.0333333333333334,
    "Variance":0.032222222222222222,
    "ConfidenceIntervalMin":1.0329612266604562,
    "ConfidenceIntervalMax":1.0337054400062107
  },
  "MaxRouteLen":{
    "Mean":11.766666666666667,
    "Variance":1.1122222222222224,
    "ConfidenceIntervalMin":11.753822570820114,
    "ConfidenceIntervalMax":11.779510762513221
  },
  "LockedFundCost":{
    "Mean":12700081509.133333,
    "Variance":1.4513298313896203e+21,
    "ConfidenceIntervalMin":-1.6760157343342131e+19,
    "ConfidenceIntervalMax":1.6760157368742296e+19
  }
}