{
  "TotalPayments":100000,
  "SucceededPayments":{
    "Mean":98196.633333333331,
    "Variance":2423.4816091954021,
    "ConfidenceIntervalMin":98168.646632969918,
    "ConfidenceIntervalMax":98224.620033696745
  },
  "FailedPaymentsUncoop":{
    "Mean":1.2666666666666666,
    "Variance":18.891954022988507,
    "ConfidenceIntervalMin":1.0484997721811913,
    "ConfidenceIntervalMax":1.4848335611521419
  },
  "FailedPaymentsNoBalance":{
    "Mean":0.0,
    "Variance":0.0,
    "ConfidenceIntervalMin":0.0,
    "ConfidenceIntervalMax":0.0
  },
  "FailedPaymentsNoPath":{
    "Mean":1802.0999999999999,
    "Variance":2461.4724137931034,
    "ConfidenceIntervalMin":1773.6745765776557,
    "ConfidenceIntervalMax":1830.5254234223441
  },
  "AvgTimeCoop":{
    "Mean":58.704223932061147,
    "Variance":0.0048838377614812203,
    "ConfidenceIntervalMin":58.704167532828102,
    "ConfidenceIntervalMax":58.704280331294193
  },
  "MinTimeCoop":{
    "Mean":2.0,
    "Variance":4.8546396294715044e-318,
    "ConfidenceIntervalMin":2.0,
    "ConfidenceIntervalMax":2.0
  },
  "MaxTimeCoop":{
    "Mean":159.24137931034483,
    "Variance":21.907253269916776,
    "ConfidenceIntervalMin":158.98839132367129,
    "ConfidenceIntervalMax":159.49436729701836
  },
  "AvgTimeUncoop":{
    "Mean":NaN,
    "Variance":NaN,
    "ConfidenceIntervalMin":NaN,
    "ConfidenceIntervalMax":NaN
  },
  "MinTimeUncoop":{
    "Mean":Infinity,
    "Variance":Infinity,
    "ConfidenceIntervalMin":NaN,
    "ConfidenceIntervalMax":Infinity
  },
  "MaxTimeUncoop":{
    "Mean":Infinity,
    "Variance":Infinity,
    "ConfidenceIntervalMin":NaN,
    "ConfidenceIntervalMax":Infinity
  },
  "AvgRouteLen":{
    "Mean":5.9050199508666994,
    "Variance":3.3463795786398503e-05,
    "ConfidenceIntervalMin":5.9050195644221635,
    "ConfidenceIntervalMax":5.9050203373112353
  },
  "MinRouteLen":{
    "Mean":1.0,
    "Variance":4.9406564584124654e-324,
    "ConfidenceIntervalMin":1.0,
    "ConfidenceIntervalMax":1.0
  },
  "MaxRouteLen":{
    "Mean":14.4,
    "Variance":0.70666666666666655,
    "ConfidenceIntervalMin":14.391839315725866,
    "ConfidenceIntervalMax":14.408160684274135
  },
  "LockedFundCost":{
    "Mean":0.0,
    "Variance":0.0,
    "ConfidenceIntervalMin":0.0,
    "ConfidenceIntervalMax":0.0
  }
}