{
  "TotalPayments":100,
  "SucceededPayments":{
    "Mean":88.933333333333337,
    "Variance":13.857471264367819,
    "ConfidenceIntervalMin":88.773305341126175,
    "ConfidenceIntervalMax":89.093361325540499
  },
  "FailedPaymentsUncoop":{
    "Mean":0.066666666666666666,
    "Variance":0.13333333333333333,
    "ConfidenceIntervalMin":0.065126914916830023,
    "ConfidenceIntervalMax":0.068206418416503309
  },
  "FailedPaymentsNoBalance":{
    "Mean":2.2000000000000002,
    "Variance":3.4758620689655175,
    "ConfidenceIntervalMin":2.1598602647283967,
    "ConfidenceIntervalMax":2.2401397352716037
  },
  "FailedPaymentsNoPath":{
    "Mean":8.8000000000000007,
    "Variance":11.200000000000003,
    "ConfidenceIntervalMin":8.6706608530137217,
    "ConfidenceIntervalMax":8.9293391469862797
  },
  "AvgTimeCoop":{
    "Mean":55.438072893430252,
    "Variance":20.861917358874482,
    "ConfidenceIntervalMin":55.197156590243196,
    "ConfidenceIntervalMax":55.678989196617309
  },
  "MinTimeCoop":{
    "Mean":6.5999999999999996,
    "Variance":14.110344827586209,
    "ConfidenceIntervalMin":6.4370517889569419,
    "ConfidenceIntervalMax":6.7629482110430574
  },
  "MaxTimeCoop":{
    "Mean":258.80000000000001,
    "Variance":20668.57931034483,
    "ConfidenceIntervalMin":20.116391301942599,
    "ConfidenceIntervalMax":497.48360869805742
  },
  "AvgTimeUncoop":{
    "Mean":3422501.8687499999,
    "Variance":351405776598059.38,
    "ConfidenceIntervalMin":-4058079023144.8921,
    "ConfidenceIntervalMax":4058085868148.6294
  },
  "MinTimeUncoop":{
    "Mean":1.7831852604586959e+19,
    "Variance":1.1342745563992176e+37,
    "ConfidenceIntervalMin":-1.3098759247581622e+35,
    "ConfidenceIntervalMax":1.3098759247581626e+35
  },
  "MaxTimeUncoop":{
    "Mean":1.783185260459334e+19,
    "Variance":1.1342745563756797e+37,
    "ConfidenceIntervalMin":-1.30987592473098e+35,
    "ConfidenceIntervalMax":1.3098759247309804e+35
  },
  "AvgRouteLen":{
    "Mean":5.000969775517782,
    "Variance":0.058600335419883708,
    "ConfidenceIntervalMin":5.0002930507502539,
    "ConfidenceIntervalMax":5.0016465002853101
  },
  "MinRouteLen":{
    "Mean":1.0333333333333334,
    "Variance":0.033333333333333326,
    "ConfidenceIntervalMin":1.0329483953958742,
    "ConfidenceIntervalMax":1.0337182712707926
  },
  "MaxRouteLen":{
    "Mean":13.699999999999999,
    "Variance":7.7344827586206897,
    "ConfidenceIntervalMin":13.610681124787492,
    "ConfidenceIntervalMax":13.789318875212507
  },
  "LockedFundCost":{
    "Mean":223979148.36666667,
    "Variance":1.4856314274708769e+18,
    "ConfidenceIntervalMin":-17156276701475350,
    "ConfidenceIntervalMax":17156277149433646.0
  }
}