{
  "TotalPayments":1000,
  "SucceededPayments":{
    "Mean":999.89999999999998,
    "Variance":0.30000000000000004,
    "ConfidenceIntervalMin":999.89653555856285,
    "ConfidenceIntervalMax":999.90346444143711
  },
  "FailedPaymentsUncoop":{
    "Mean":0.10000000000000001,
    "Variance":0.30000000000000004,
    "ConfidenceIntervalMin":0.096535558562867552,
    "ConfidenceIntervalMax":0.10346444143713246
  },
  "FailedPaymentsNoBalance":{
    "Mean":0.0,
    "Variance":0.0,
    "ConfidenceIntervalMin":0.0,
    "ConfidenceIntervalMax":0.0
  },
  "FailedPaymentsNoPath":{
    "Mean":0.0,
    "Variance":0.0,
    "ConfidenceIntervalMin":0.0,
    "ConfidenceIntervalMax":0.0
  },
  "AvgTimeCoop":{
    "Mean":36.631189359203695,
    "Variance":0.241370856990167,
    "ConfidenceIntervalMin":36.628401975208121,
    "ConfidenceIntervalMax":36.63397674319927
  },
  "MinTimeCoop":{
    "Mean":3.3999999999999999,
    "Variance":1.1066666666666667,
    "ConfidenceIntervalMin":3.3872200604763556,
    "ConfidenceIntervalMax":3.4127799395236442
  },
  "MaxTimeCoop":{
    "Mean":103.86666666666666,
    "Variance":709.31555555555553,
    "ConfidenceIntervalMin":95.675392657769009,
    "ConfidenceIntervalMax":112.05794067556431
  },
  "AvgTimeUncoop":{
    "Mean":4664471.0259740259,
    "Variance":127203679047438.97,
    "ConfidenceIntervalMin":-1468960991021.1252,
    "ConfidenceIntervalMax":1468970319963.177
  },
  "MinTimeUncoop":{
    "Mean":2108627.0,
    "Variance":25179793298201.43,
    "ConfidenceIntervalMin":-290777622308.73065,
    "ConfidenceIntervalMax":290781839562.73065
  },
  "MaxTimeUncoop":{
    "Mean":7508626.8571428573,
    "Variance":332887008529227.31,
    "ConfidenceIntervalMin":-3844217645478.8799,
    "ConfidenceIntervalMax":3844232662732.5938
  },
  "AvgRouteLen":{
    "Mean":3.6885333220163981,
    "Variance":0.0010076484593504473,
    "ConfidenceIntervalMin":3.6885216855528093,
    "ConfidenceIntervalMax":3.6885449584799868
  },
  "MinRouteLen":{
    "Mean":1.0,
    "Variance":4.9406564584124654e-324,
    "ConfidenceIntervalMin":1.0,
    "ConfidenceIntervalMax":1.0
  },
  "MaxRouteLen":{
    "Mean":6.3666666666666663,
    "Variance":0.29888888888888887,
    "ConfidenceIntervalMin":6.3632150564941155,
    "ConfidenceIntervalMax":6.3701182768392171
  },
  "LockedFundCost":{
    "Mean":81247875.466666669,
    "Variance":1.9796747724904374e+17,
    "ConfidenceIntervalMin":-2286155690039338.5,
    "ConfidenceIntervalMax":2286155852535089.5
  }
}