{
  "TotalPayments":3,
  "SucceededPayments":{
    "Mean":2.9666666666666668,
    "Variance":0.033333333333333291,
    "ConfidenceIntervalMin":2.9662817287292076,
    "ConfidenceIntervalMax":2.967051604604126
  },
  "FailedPaymentsUncoop":{
    "Mean":0.0,
    "Variance":0.0,
    "ConfidenceIntervalMin":0.0,
    "ConfidenceIntervalMax":0.0
  },
  "FailedPaymentsNoBalance":{
    "Mean":0.033333333333333333,
    "Variance":0.033333333333333284,
    "ConfidenceIntervalMin":0.032948395395874172,
    "ConfidenceIntervalMax":0.033718271270792494
  },
  "FailedPaymentsNoPath":{
    "Mean":0.0,
    "Variance":0.0,
    "ConfidenceIntervalMin":0.0,
    "ConfidenceIntervalMax":0.0
  },
  "AvgTimeCoop":{
    "Mean":392.11494252873564,
    "Variance":12675.465715418151,
    "ConfidenceIntervalMin":245.73691366391412,
    "ConfidenceIntervalMax":538.49297139355713
  },
  "MinTimeCoop":{
    "Mean":245.24137931034483,
    "Variance":14605.631391200952,
    "ConfidenceIntervalMin":76.573530619814278,
    "ConfidenceIntervalMax":413.90922800087537
  },
  "MaxTimeCoop":{
    "Mean":541.24137931034488,
    "Variance":21974.458977407841,
    "ConfidenceIntervalMin":287.4772918440147,
    "ConfidenceIntervalMax":795.00546677667512
  },
  "AvgTimeUncoop":{
    "Mean":NaN,
    "Variance":NaN,
    "ConfidenceIntervalMin":NaN,
    "ConfidenceIntervalMax":NaN
  },
  "MinTimeUncoop":{
    "Mean":Infinity,
    "Variance":Infinity,
    "ConfidenceIntervalMin":NaN,
    "ConfidenceIntervalMax":Infinity
  },
  "MaxTimeUncoop":{
    "Mean":Infinity,
    "Variance":Infinity,
    "ConfidenceIntervalMin":NaN,
    "ConfidenceIntervalMax":Infinity
  },
  "AvgRouteLen":{
    "Mean":3.6222222208976746,
    "Variance":0.87209873352522249,
    "ConfidenceIntervalMin":3.6121511042653562,
    "ConfidenceIntervalMax":3.6322933375299931
  },
  "MinRouteLen":{
    "Mean":2.3666666666666667,
    "Variance":0.89888888888888885,
    "ConfidenceIntervalMin":2.3562861736198513,
    "ConfidenceIntervalMax":2.3770471597134821
  },
  "MaxRouteLen":{
    "Mean":4.833333333333333,
    "Variance":1.872222222222222,
    "ConfidenceIntervalMin":4.8117126525127105,
    "ConfidenceIntervalMax":4.8549540141539556
  },
  "LockedFundCost":{
    "Mean":0.0,
    "Variance":0.0,
    "ConfidenceIntervalMin":0.0,
    "ConfidenceIntervalMax":0.0
  }
}