{
  "TotalPayments":10000,
  "SucceededPayments":9363,
  "FailedPaymentsUncoop":111,
  "FailedPaymentsNoBalance":112,
  "FailedPaymentsNoPath":414,
  "Time":{
    "AverageCoop":84.664430256465749,
    "MinCoop":6,
    "MaxCoop":2238,
    "AverageUncoop":106478485.67213115,
    "MinUncoop":60096,
    "MaxUncoop":430800237
  },
  "RouteLength":{
    "Average":7.9461712837219238,
    "Min":1,
    "Max":20
  },
  "LockedFundCost":2444771297323
}