{
  "TotalPayments":1000,
  "SucceededPayments":961,
  "FailedPaymentsUncoop":9,
  "FailedPaymentsNoBalance":9,
  "FailedPaymentsNoPath":21,
  "Time":{
    "AverageCoop":71.30663856691254,
    "MinCoop":2,
    "MaxCoop":3686,
    "AverageUncoop":86700185.583333328,
    "MinUncoop":18000105,
    "MaxUncoop":328201183
  },
  "RouteLength":{
    "Average":5.9509701728820801,
    "Min":1,
    "Max":17
  },
  "LockedFundCost":3689572588978
}