{
  "TotalPayments":10000,
  "SucceededPayments":8830,
  "FailedPaymentsUncoop":34,
  "FailedPaymentsNoBalance":143,
  "FailedPaymentsNoPath":993,
  "Time":{
    "AverageCoop":85.301489117983962,
    "MinCoop":2,
    "MaxCoop":860,
    "AverageUncoop":125030548.12,
    "MinUncoop":60082,
    "MaxUncoop":381000281
  },
  "RouteLength":{
    "Average":7.4113469123840332,
    "Min":1,
    "Max":20
  },
  "LockedFundCost":3628601568
}